
<RENDERBATCH>

  <RENDERIMG RASNAME="C:\Users\marti\OneDrive\Documentos\4\proyectFinal\SE\SDK\SDK_Export\hw\imgs\microblaze_0.jpg" SVGNAME="C:\Users\marti\OneDrive\Documentos\4\proyectFinal\SE\SDK\SDK_Export\hw\imgs\microblaze_0.svg" TMPSVGFN="C:\Users\marti\OneDrive\Documentos\4\proyectFinal\SE\__xps\.dswkshop\microblaze_0.svg"/>

  <RENDERIMG RASNAME="C:\Users\marti\OneDrive\Documentos\4\proyectFinal\SE\SDK\SDK_Export\hw\imgs\plb_v46_0.jpg" SVGNAME="C:\Users\marti\OneDrive\Documentos\4\proyectFinal\SE\SDK\SDK_Export\hw\imgs\plb_v46_0.svg" TMPSVGFN="C:\Users\marti\OneDrive\Documentos\4\proyectFinal\SE\__xps\.dswkshop\plb_v46_0.svg"/>

  <RENDERIMG RASNAME="C:\Users\marti\OneDrive\Documentos\4\proyectFinal\SE\SDK\SDK_Export\hw\imgs\xps_bram_if_cntlr_0.jpg" SVGNAME="C:\Users\marti\OneDrive\Documentos\4\proyectFinal\SE\SDK\SDK_Export\hw\imgs\xps_bram_if_cntlr_0.svg" TMPSVGFN="C:\Users\marti\OneDrive\Documentos\4\proyectFinal\SE\__xps\.dswkshop\xps_bram_if_cntlr_0.svg"/>

  <RENDERIMG RASNAME="C:\Users\marti\OneDrive\Documentos\4\proyectFinal\SE\SDK\SDK_Export\hw\imgs\bram_block_0.jpg" SVGNAME="C:\Users\marti\OneDrive\Documentos\4\proyectFinal\SE\SDK\SDK_Export\hw\imgs\bram_block_0.svg" TMPSVGFN="C:\Users\marti\OneDrive\Documentos\4\proyectFinal\SE\__xps\.dswkshop\bram_block_0.svg"/>

  <RENDERIMG RASNAME="C:\Users\marti\OneDrive\Documentos\4\proyectFinal\SE\SDK\SDK_Export\hw\imgs\xps_gpio_0.jpg" SVGNAME="C:\Users\marti\OneDrive\Documentos\4\proyectFinal\SE\SDK\SDK_Export\hw\imgs\xps_gpio_0.svg" TMPSVGFN="C:\Users\marti\OneDrive\Documentos\4\proyectFinal\SE\__xps\.dswkshop\xps_gpio_0.svg"/>

  <RENDERIMG RASNAME="C:\Users\marti\OneDrive\Documentos\4\proyectFinal\SE\SDK\SDK_Export\hw\imgs\xps_uartlite_0.jpg" SVGNAME="C:\Users\marti\OneDrive\Documentos\4\proyectFinal\SE\SDK\SDK_Export\hw\imgs\xps_uartlite_0.svg" TMPSVGFN="C:\Users\marti\OneDrive\Documentos\4\proyectFinal\SE\__xps\.dswkshop\xps_uartlite_0.svg"/>

  <RENDERIMG RASNAME="C:\Users\marti\OneDrive\Documentos\4\proyectFinal\SE\SDK\SDK_Export\hw\imgs\xps_gpio_1.jpg" SVGNAME="C:\Users\marti\OneDrive\Documentos\4\proyectFinal\SE\SDK\SDK_Export\hw\imgs\xps_gpio_1.svg" TMPSVGFN="C:\Users\marti\OneDrive\Documentos\4\proyectFinal\SE\__xps\.dswkshop\xps_gpio_1.svg"/>

  <RENDERIMG RASNAME="C:\Users\marti\OneDrive\Documentos\4\proyectFinal\SE\SDK\SDK_Export\hw\imgs\banner_0.jpg" SVGNAME="C:\Users\marti\OneDrive\Documentos\4\proyectFinal\SE\SDK\SDK_Export\hw\imgs\banner_0.svg" TMPSVGFN="C:\Users\marti\OneDrive\Documentos\4\proyectFinal\SE\__xps\.dswkshop\banner_0.svg"/>

  <RENDERIMG RASNAME="C:\Users\marti\OneDrive\Documentos\4\proyectFinal\SE\SDK\SDK_Export\hw\imgs\keypad_0.jpg" SVGNAME="C:\Users\marti\OneDrive\Documentos\4\proyectFinal\SE\SDK\SDK_Export\hw\imgs\keypad_0.svg" TMPSVGFN="C:\Users\marti\OneDrive\Documentos\4\proyectFinal\SE\__xps\.dswkshop\keypad_0.svg"/>

  <RENDERIMG RASNAME="C:\Users\marti\OneDrive\Documentos\4\proyectFinal\SE\SDK\SDK_Export\hw\imgs\ledsrgb_0.jpg" SVGNAME="C:\Users\marti\OneDrive\Documentos\4\proyectFinal\SE\SDK\SDK_Export\hw\imgs\ledsrgb_0.svg" TMPSVGFN="C:\Users\marti\OneDrive\Documentos\4\proyectFinal\SE\__xps\.dswkshop\ledsrgb_0.svg"/>

  <RENDERIMG RASNAME="C:\Users\marti\OneDrive\Documentos\4\proyectFinal\SE\SDK\SDK_Export\hw\imgs\altavoz_0.jpg" SVGNAME="C:\Users\marti\OneDrive\Documentos\4\proyectFinal\SE\SDK\SDK_Export\hw\imgs\altavoz_0.svg" TMPSVGFN="C:\Users\marti\OneDrive\Documentos\4\proyectFinal\SE\__xps\.dswkshop\altavoz_0.svg"/>

  <RENDERIMG RASNAME="C:\Users\marti\OneDrive\Documentos\4\proyectFinal\SE\SDK\SDK_Export\hw\imgs\motor_hw_0.jpg" SVGNAME="C:\Users\marti\OneDrive\Documentos\4\proyectFinal\SE\SDK\SDK_Export\hw\imgs\motor_hw_0.svg" TMPSVGFN="C:\Users\marti\OneDrive\Documentos\4\proyectFinal\SE\__xps\.dswkshop\motor_hw_0.svg"/>

  <RENDERIMG RASNAME="C:\Users\marti\OneDrive\Documentos\4\proyectFinal\SE\SDK\SDK_Export\hw\imgs\pr2_blkd.jpg" SVGNAME="C:\Users\marti\OneDrive\Documentos\4\proyectFinal\SE\SDK\SDK_Export\hw\imgs\pr2_blkd.svg" TMPSVGFN="C:\Users\marti\OneDrive\Documentos\4\proyectFinal\SE\__xps\.dswkshop\pr2_blkd.svg"/>

</RENDERBATCH>